Workbook

Sheet Sheet1
A1: HC2 | B1: Middlehurst21hc2 | D1: Baldan2021CMFMTS | E1: CMFM_RF | G1: Bahri2022RT | H1: RT_100 | J1: BORF | K1: Spinnato2024BORF | M1: Resamples: | N1: DTW-D
A2: ArticularyWordRecognition | B2: 0.99333333 | D2: ArticularyWordRecognition | E2: 0.988 | G2: ArticularyWordRecognition | H2: 0.9933 | J2: ACSF1 | K2: 0.61 | M2: ArticularyWordRecognition | N2: 0.98666667
A3: AtrialFibrillation | B3: 0.26666667 | D3: AtrialFibrillation | E3: 0.191 | G3: AtrialFibrillation | H3: 0.2 | J3: Adiac | K3: 0.652 | M3: AtrialFibrillation | N3: 0.2
A4: BasicMotions | B4: 1 | D4: BasicMotions | E4: 0.982 | G4: BasicMotions | H4: 1 | J4: AGW-X | K4: 0.656 | M4: BasicMotions | N4: 0.975
A5: Cricket | B5: 1 | D5: CharacterTrajectories | E5: 0.97 | G5: Cricket | H5: 1 | J5: AGW-Y | K5: 0.706 | M5: Cricket | N5: 1
A6: DuckDuckGeese | B6: 0.56 | D6: Cricket | E6: 0.977 | G6: DuckDuckGeese | H6: 0.18 | J6: AGW-Z | K6: 0.633 | M6: DuckDuckGeese | N6: 0.58
A7: ERing | B7: 0.98888889 | D7: DuckDuckGeese | E7: 0.51 | G7: EigenWorms | H7: 0.5878 | J7: ArrowHead | K7: 0.829 | M7: ERing | N7: 0.91481481
A8: EigenWorms | B8: 0.94656489 | D8: EigenWorms | E8: 0.895 | G8: Epilepsy | H8: 0.9928 | J8: ArticularyWordRecognition | K8: 0.993 | M8: EigenWorms | N8: 0.61832061
A9: Epilepsy | B9: 1 | D9: Epilepsy | E9: 0.999 | G9: EthanolConcentration | H9: 0.3954 | J9: AtrialFibrillation | K9: 0.267 | M9: Epilepsy | N9: 0.96376812
A10: EthanolConcentration | B10: 0.77186312 | D10: ERing | E10: 0.931 | G10: ERing | H10: 0.8185 | J10: BME | K10: 0.98 | M10: EthanolConcentration | N10: 0.32319392
A11: FaceDetection | B11: 0.66032917 | D11: EthanolConcentration | E11: 0.26 | G11: FaceDetection | H11: 0.5074 | J11: BasicMotions | K11: 0.975 | M11: FaceDetection | N11: 0.52866061
A12: FingerMovements | B12: 0.53 | D12: FaceDetection | E12: 0.557 | G12: FingerMovements | H12: 0.59 | J12: Beef | K12: 0.733 | M12: FingerMovements | N12: 0.53
A13: HandMovementDirection | B13: 0.47297297 | D13: FingerMovements | E13: 0.501 | G13: HandMovementDirection | H13: 0.3378 | J13: BeetleFly | K13: 0.9 | M13: HandMovementDirection | N13: 0.18918919
... A27: UWaveGestureLibrary | B27: 0.928125 | D27: SelfRegulationSCP1 | E27: 0.82 | G27: UWaveGestureLibrary | H27: 0.875 | J27: Crop | K27: 0.678 | M27: UWaveGestureLibrary | N27: 0.903125
D28: SelfRegulationSCP2 | E28: 0.418 | J28: DiatomSR | K28: 0.98
B29: =AVERAGE(B2:B27) -> 0.74785266 | D29: SpokenArabicDigits | E29: 0.976 | J29: DP-OAG | K29: 0.77 | N29: =AVERAGE(N2:N27) -> 0.65381178
D30: StandWalkJump | E30: 0.363 | J30: DP-OC | K30: 0.743
D31: UWaveGestureLibrary | E31: 0.775 | J31: DP-TW | K31: 0.712
J32: DodgerLoopDay | K32: 0.537
J33: DodgerLoopGame | K33: 0.855
J34: DLWeekend | K34: 0.978
J35: DuckDuckGeese | K35: 0.44
J36: ECG200 | K36: 0.9
J37: ECGS5000 | K37: 0.944
J38: ECG5D | K38: 1
J39: EOGHorizontalSignal | K39: 0.61
J40: EOGVerticalSignal | K40: 0.506
J41: ERing | K41: 0.952
J42: Earthquakes | K42: 0.748
J43: EigenWorms | K43: 0.87
... J159: Yoga | K159: 0.857

Sheet Sheet2
B1: HC2 | C1: CMFM | D1: RT | E1: BORF | F1: CIF | H1: HC2 | I1: CMFM | J1: RT | K1: BORF | L1: CIF | N1: HC2 | O1: CIF
A2: ArticularyWordRecognition | B2: =ROUND(N2,3) -> 0.993 | C2: =VLOOKUP(A2,Sheet1!D2:E310,2,FALSE) -> 0.988 | D2: =ROUND(VLOOKUP(A2,Sheet1!$G$2:$H$310,2,FALSE),3) -> 0.993 | E2: =VLOOKUP(A2,Sheet1!$J$2:$K$310,2,FALSE) -> 0.993 | F2: =ROUND(O2,3) -> 0.983 | H2: =_xlfn.RANK.AVG(B2,$B2:$F2) -> 2 | I2: =_xlfn.RANK.AVG(C2,$B2:$F2) -> 4 | J2: =_xlfn.RANK.AVG(D2,$B2:$F2) -> 2 | K2: =_xlfn.RANK.AVG(E2,$B2:$F2) -> 2 | L2: =_xlfn.RANK.AVG(F2,$B2:$F2) -> 5 | N2: 0.99333333 | O2: 0.98333333
A3: AtrialFibrillation | B3: =ROUND(N3,3) -> 0.267 | C3: =VLOOKUP(A3,Sheet1!D3:E32,2,FALSE) -> 0.191 | D3: =VLOOKUP(A3,Sheet1!$G$2:$H$310,2,FALSE) -> 0.2 | E3: =VLOOKUP(A3,Sheet1!$J$2:$K$310,2,FALSE) -> 0.267 | F3: =ROUND(O3,3) -> 0.333 | H3: =_xlfn.RANK.AVG(B3,$B3:$F3) -> 2.5 | I3: =_xlfn.RANK.AVG(C3,$B3:$F3) -> 5 | J3: =_xlfn.RANK.AVG(D3,$B3:$F3) -> 4 | K3: =_xlfn.RANK.AVG(E3,$B3:$F3) -> 2.5 | L3: =_xlfn.RANK.AVG(F3,$B3:$F3) -> 1 | N3: 0.26666667 | O3: 0.33333333
A4: BasicMotions | B4: =ROUND(N4,3) -> 1 | C4: =VLOOKUP(A4,Sheet1!D4:E33,2,FALSE) -> 0.982 | D4: =VLOOKUP(A4,Sheet1!$G$2:$H$310,2,FALSE) -> 1 | E4: =VLOOKUP(A4,Sheet1!$J$2:$K$310,2,FALSE) -> 0.975 | F4: =ROUND(O4,3) -> 1 | H4: =_xlfn.RANK.AVG(B4,$B4:$F4) -> 2 | I4: =_xlfn.RANK.AVG(C4,$B4:$F4) -> 4 | J4: =_xlfn.RANK.AVG(D4,$B4:$F4) -> 2 | K4: =_xlfn.RANK.AVG(E4,$B4:$F4) -> 5 | L4: =_xlfn.RANK.AVG(F4,$B4:$F4) -> 2 | N4: 1 | O4: 1
A5: Cricket | B5: =ROUND(N5,3) -> 1 | C5: =VLOOKUP(A5,Sheet1!D5:E34,2,FALSE) -> 0.977 | D5: =VLOOKUP(A5,Sheet1!$G$2:$H$310,2,FALSE) -> 1 | E5: =VLOOKUP(A5,Sheet1!$J$2:$K$310,2,FALSE) -> 1 | F5: =ROUND(O5,3) -> 0.986 | H5: =_xlfn.RANK.AVG(B5,$B5:$F5) -> 2 | I5: =_xlfn.RANK.AVG(C5,$B5:$F5) -> 5 | J5: =_xlfn.RANK.AVG(D5,$B5:$F5) -> 2 | K5: =_xlfn.RANK.AVG(E5,$B5:$F5) -> 2 | L5: =_xlfn.RANK.AVG(F5,$B5:$F5) -> 4 | N5: 1 | O5: 0.98611111
A6: DuckDuckGeese | B6: =ROUND(N6,3) -> 0.56 | C6: =VLOOKUP(A6,Sheet1!D6:E35,2,FALSE) -> 0.51 | D6: =VLOOKUP(A6,Sheet1!$G$2:$H$310,2,FALSE) -> 0.18 | E6: =VLOOKUP(A6,Sheet1!$J$2:$K$310,2,FALSE) -> 0.44 | F6: =ROUND(O6,3) -> 0.44 | H6: =_xlfn.RANK.AVG(B6,$B6:$F6) -> 1 | I6: =_xlfn.RANK.AVG(C6,$B6:$F6) -> 2 | J6: =_xlfn.RANK.AVG(D6,$B6:$F6) -> 5 | K6: =_xlfn.RANK.AVG(E6,$B6:$F6) -> 3.5 | L6: =_xlfn.RANK.AVG(F6,$B6:$F6) -> 3.5 | N6: 0.56 | O6: 0.44
A7: ERing | B7: =ROUND(N7,3) -> 0.989 | C7: =VLOOKUP(A7,Sheet1!D7:E36,2,FALSE) -> 0.931 | D7: =VLOOKUP(A7,Sheet1!$G$2:$H$310,2,FALSE) -> 0.8185 | E7: =VLOOKUP(A7,Sheet1!$J$2:$K$310,2,FALSE) -> 0.952 | F7: =ROUND(O7,3) -> 0.981 | H7: =_xlfn.RANK.AVG(B7,$B7:$F7) -> 1 | I7: =_xlfn.RANK.AVG(C7,$B7:$F7) -> 4 | J7: =_xlfn.RANK.AVG(D7,$B7:$F7) -> 5 | K7: =_xlfn.RANK.AVG(E7,$B7:$F7) -> 3 | L7: =_xlfn.RANK.AVG(F7,$B7:$F7) -> 2 | N7: 0.98888889 | O7: 0.98148148
A8: EigenWorms | B8: =ROUND(N8,3) -> 0.947 | C8: =VLOOKUP(A8,Sheet1!D8:E37,2,FALSE) -> 0.895 | D8: =VLOOKUP(A8,Sheet1!$G$2:$H$310,2,FALSE) -> 0.5878 | E8: =VLOOKUP(A8,Sheet1!$J$2:$K$310,2,FALSE) -> 0.87 | F8: =ROUND(O8,3) -> 0.916 | H8: =_xlfn.RANK.AVG(B8,$B8:$F8) -> 1 | I8: =_xlfn.RANK.AVG(C8,$B8:$F8) -> 3 | J8: =_xlfn.RANK.AVG(D8,$B8:$F8) -> 5 | K8: =_xlfn.RANK.AVG(E8,$B8:$F8) -> 4 | L8: =_xlfn.RANK.AVG(F8,$B8:$F8) -> 2 | N8: 0.94656489 | O8: 0.91603053
A9: Epilepsy | B9: =ROUND(N9,3) -> 1 | C9: =VLOOKUP(A9,Sheet1!D9:E38,2,FALSE) -> 0.999 | D9: =VLOOKUP(A9,Sheet1!$G$2:$H$310,2,FALSE) -> 0.9928 | E9: =VLOOKUP(A9,Sheet1!$J$2:$K$310,2,FALSE) -> 0.993 | F9: =ROUND(O9,3) -> 0.986 | H9: =_xlfn.RANK.AVG(B9,$B9:$F9) -> 1 | I9: =_xlfn.RANK.AVG(C9,$B9:$F9) -> 2 | J9: =_xlfn.RANK.AVG(D9,$B9:$F9) -> 4 | K9: =_xlfn.RANK.AVG(E9,$B9:$F9) -> 3 | L9: =_xlfn.RANK.AVG(F9,$B9:$F9) -> 5 | N9: 1 | O9: 0.98550725
A10: EthanolConcentration | B10: =ROUND(N10,3) -> 0.772 | C10: =VLOOKUP(A10,Sheet1!D10:E39,2,FALSE) -> 0.26 | D10: =VLOOKUP(A10,Sheet1!$G$2:$H$310,2,FALSE) -> 0.3954 | E10: =VLOOKUP(A10,Sheet1!$J$2:$K$310,2,FALSE) -> 0.369 | F10: =ROUND(O10,3) -> 0.734 | H10: =_xlfn.RANK.AVG(B10,$B10:$F10) -> 1 | I10: =_xlfn.RANK.AVG(C10,$B10:$F10) -> 5 | J10: =_xlfn.RANK.AVG(D10,$B10:$F10) -> 3 | K10: =_xlfn.RANK.AVG(E10,$B10:$F10) -> 4 | L10: =_xlfn.RANK.AVG(F10,$B10:$F10) -> 2 | N10: 0.77186312 | O10: 0.7338403
A11: FaceDetection | B11: =ROUND(N11,3) -> 0.66 | C11: =VLOOKUP(A11,Sheet1!D11:E40,2,FALSE) -> 0.557 | D11: =VLOOKUP(A11,Sheet1!$G$2:$H$310,2,FALSE) -> 0.5074 | E11: =VLOOKUP(A11,Sheet1!$J$2:$K$310,2,FALSE) -> 0.589 | F11: =ROUND(O11,3) -> 0.627 | H11: =_xlfn.RANK.AVG(B11,$B11:$F11) -> 1 | I11: =_xlfn.RANK.AVG(C11,$B11:$F11) -> 4 | J11: =_xlfn.RANK.AVG(D11,$B11:$F11) -> 5 | K11: =_xlfn.RANK.AVG(E11,$B11:$F11) -> 3 | L11: =_xlfn.RANK.AVG(F11,$B11:$F11) -> 2 | N11: 0.66032917 | O11: 0.62712826
A12: FingerMovements | B12: =ROUND(N12,3) -> 0.53 | C12: =VLOOKUP(A12,Sheet1!D12:E41,2,FALSE) -> 0.501 | D12: =VLOOKUP(A12,Sheet1!$G$2:$H$310,2,FALSE) -> 0.59 | E12: =VLOOKUP(A12,Sheet1!$J$2:$K$310,2,FALSE) -> 0.56 | F12: =ROUND(O12,3) -> 0.52 | H12: =_xlfn.RANK.AVG(B12,$B12:$F12) -> 3 | I12: =_xlfn.RANK.AVG(C12,$B12:$F12) -> 5 | J12: =_xlfn.RANK.AVG(D12,$B12:$F12) -> 1 | K12: =_xlfn.RANK.AVG(E12,$B12:$F12) -> 2 | L12: =_xlfn.RANK.AVG(F12,$B12:$F12) -> 4 | N12: 0.53 | O12: 0.52
A13: HandMovementDirection | B13: =ROUND(N13,3) -> 0.473 | C13: =VLOOKUP(A13,Sheet1!D13:E42,2,FALSE) -> 0.245 | D13: =VLOOKUP(A13,Sheet1!$G$2:$H$310,2,FALSE) -> 0.3378 | E13: =VLOOKUP(A13,Sheet1!$J$2:$K$310,2,FALSE) -> 0.284 | F13: =ROUND(O13,3) -> 0.595 | H13: =_xlfn.RANK.AVG(B13,$B13:$F13) -> 2 | I13: =_xlfn.RANK.AVG(C13,$B13:$F13) -> 5 | J13: =_xlfn.RANK.AVG(D13,$B13:$F13) -> 3 | K13: =_xlfn.RANK.AVG(E13,$B13:$F13) -> 4 | L13: =_xlfn.RANK.AVG(F13,$B13:$F13) -> 1 | N13: 0.47297297 | O13: 0.59459459
A14: Handwriting | B14: =ROUND(N14,3) -> 0.548 | C14: =VLOOKUP(A14,Sheet1!D14:E43,2,FALSE) -> 0.274 | D14: =VLOOKUP(A14,Sheet1!$G$2:$H$310,2,FALSE) -> 0.2694 | E14: =VLOOKUP(A14,Sheet1!$J$2:$K$310,2,FALSE) -> 0.52 | F14: =ROUND(O14,3) -> 0.356 | H14: =_xlfn.RANK.AVG(B14,$B14:$F14) -> 1 | I14: =_xlfn.RANK.AVG(C14,$B14:$F14) -> 4 | J14: =_xlfn.RANK.AVG(D14,$B14:$F14) -> 5 | K14: =_xlfn.RANK.AVG(E14,$B14:$F14) -> 2 | L14: =_xlfn.RANK.AVG(F14,$B14:$F14) -> 3 | N14: 0.54823529 | O14: 0.35647059
... A27: UWaveGestureLibrary | B27: =ROUND(N27,3) -> 0.928 | C27: =VLOOKUP(A27,Sheet1!D27:E56,2,FALSE) -> 0.775 | D27: =VLOOKUP(A27,Sheet1!$G$2:$H$310,2,FALSE) -> 0.875 | E27: =VLOOKUP(A27,Sheet1!$J$2:$K$310,2,FALSE) -> 0.944 | F27: =ROUND(O27,3) -> 0.925 | H27: =_xlfn.RANK.AVG(B27,$B27:$F27) -> 2 | I27: =_xlfn.RANK.AVG(C27,$B27:$F27) -> 5 | J27: =_xlfn.RANK.AVG(D27,$B27:$F27) -> 4 | K27: =_xlfn.RANK.AVG(E27,$B27:$F27) -> 1 | L27: =_xlfn.RANK.AVG(F27,$B27:$F27) -> 3 | N27: 0.928125 | O27: 0.925
A29: Average accuracy | B29: =AVERAGE(N2:N27) -> 0.74785266 | C29: =AVERAGE(C2:C27) -> 0.66742308 | D29: =AVERAGE(D2:D27) -> 0.60732308 | E29: =AVERAGE(E2:E27) -> 0.68992308 | F29: =AVERAGE(O2:O27) -> 0.72604091 | H29: =AVERAGE(H2:H27) -> 1.5769231 | I29: =AVERAGE(I2:I27) -> 3.7692308 | J29: =AVERAGE(J2:J27) -> 3.75 | K29: =AVERAGE(K2:K27) -> 3.2115385 | L29: =AVERAGE(L2:L27) -> 2.6923077
